"#","source","filename","r2_key","r2_public_url","status","size_kb"
"1","products/4fd82a75-40cc-4b2f-b1a4-53adffdddd5d — ""Louis Vuitton Party Square""","1780685460843_dsi37.JPG","nyvarastore/products/1780685460843_dsi37.JPG","https://pub-96ecbfcde03642529999eddf062d31f5.r2.dev/nyvarastore/products/1780685460843_dsi37.JPG","copied","2284.8"
"2","products/d1c4ce54-ed0d-4054-a3b2-bb7fdef6590b — ""Lunette - Saint Laurent ""","1780855079330_gtgq4.webp","nyvarastore/products/1780855079330_gtgq4.webp","https://pub-96ecbfcde03642529999eddf062d31f5.r2.dev/nyvarastore/products/1780855079330_gtgq4.webp","copied","9.0"
"3","products/8fe05088-311b-47dd-b1ff-3a8b845af51e — ""CAVALLI — Serpent Dégradé""","1780455746872_90eo3f.jpg","nyvarastore/products/1780455746872_90eo3f.jpg","https://pub-96ecbfcde03642529999eddf062d31f5.r2.dev/nyvarastore/products/1780455746872_90eo3f.jpg","copied","45.5"
"4","products/fdd00831-d437-4fef-8b04-951a5667fbfa — ""VERSACE — Greca ""","1780455990738_9dgt84.jpg","nyvarastore/products/1780455990738_9dgt84.jpg","https://pub-96ecbfcde03642529999eddf062d31f5.r2.dev/nyvarastore/products/1780455990738_9dgt84.jpg","copied","41.7"
"5","products/2987d1de-28c1-4b11-8dc4-1d7aeb31b85c — ""Lunettes""","1780025836849_kvau6.jpeg","nyvarastore/products/1780025836849_kvau6.jpeg","https://pub-96ecbfcde03642529999eddf062d31f5.r2.dev/nyvarastore/products/1780025836849_kvau6.jpeg","copied","2108.2"
"6","products/215f6fed-5d22-4e60-bf4b-07716481279c — ""Lunette maybakh ""","1780023441466_46n2bd.jpeg","nyvarastore/products/1780023441466_46n2bd.jpeg","https://pub-96ecbfcde03642529999eddf062d31f5.r2.dev/nyvarastore/products/1780023441466_46n2bd.jpeg","copied","2045.7"
"7","products/879fd05f-1578-4ffb-aea0-d5a4bd957a9d — ""Lunettes cartier""","1780023855768_jqg0t.jpeg","nyvarastore/products/1780023855768_jqg0t.jpeg","https://pub-96ecbfcde03642529999eddf062d31f5.r2.dev/nyvarastore/products/1780023855768_jqg0t.jpeg","copied","2039.2"
"8","products/d5fbb491-3f58-4e15-a49e-339bc2cdc0e8 — ""Lunettes  miu miu round ""","1780025335189_r308xm.jpeg","nyvarastore/products/1780025335189_r308xm.jpeg","https://pub-96ecbfcde03642529999eddf062d31f5.r2.dev/nyvarastore/products/1780025335189_r308xm.jpeg","copied","1665.4"
"9","products/6d41f0e7-5eb3-486c-b4cf-fcb2f98aa28b — ""Lunettes  Channel""","1780025651385_ypzlt8.jpeg","nyvarastore/products/1780025651385_ypzlt8.jpeg","https://pub-96ecbfcde03642529999eddf062d31f5.r2.dev/nyvarastore/products/1780025651385_ypzlt8.jpeg","copied","1998.6"
"10","products/33318058-8c10-4df0-ac90-fdeaa5071a5a — ""Maybach Flat Top Square ""","1780855763109_3w0gy.webp","nyvarastore/products/1780855763109_3w0gy.webp","https://pub-96ecbfcde03642529999eddf062d31f5.r2.dev/nyvarastore/products/1780855763109_3w0gy.webp","copied","16.7"
"11","products/2c047f77-53b4-4cdd-82ce-1649c091f834 — ""Lunettes de Soleil MAYBACH""","1780454244921_zn1uyi.jpg","nyvarastore/products/1780454244921_zn1uyi.jpg","https://pub-96ecbfcde03642529999eddf062d31f5.r2.dev/nyvarastore/products/1780454244921_zn1uyi.jpg","copied","43.3"
"12","products/755f91f2-c272-49d8-9908-ab99eee7e32d — ""Monture Miu Miu Glimmer""","1780453707896_bpxttg.webp","nyvarastore/products/1780453707896_bpxttg.webp","https://pub-96ecbfcde03642529999eddf062d31f5.r2.dev/nyvarastore/products/1780453707896_bpxttg.webp","copied","15.8"
"13","products/90968909-f06e-4bac-b725-a70ae494fbd3 — ""DITA – Noon""","1780692350429_i9a7bh.JPG","nyvarastore/products/1780692350429_i9a7bh.JPG","https://pub-96ecbfcde03642529999eddf062d31f5.r2.dev/nyvarastore/products/1780692350429_i9a7bh.JPG","copied","2136.0"
"14","products/b845d22c-c2a2-406e-98cf-1239cfaf01a6 — ""R-B style AeroSquare G-15""","1778758924522_e3ob.jpeg","nyvarastore/products/1778758924522_e3ob.jpeg","https://pub-96ecbfcde03642529999eddf062d31f5.r2.dev/nyvarastore/products/1778758924522_e3ob.jpeg","copied","2077.5"
"15","products/e9375f8d-333d-42cf-8512-3afa0ef41dd4 — ""verra prestige ""","1780684227217_41uhbv.JPG","nyvarastore/products/1780684227217_41uhbv.JPG","https://pub-96ecbfcde03642529999eddf062d31f5.r2.dev/nyvarastore/products/1780684227217_41uhbv.JPG","copied","1977.9"
"16","products/f962641f-d6f6-4ecb-8b42-98d23734c271 — ""DITA FLIGHT""","1780856440919_adebwl.webp","nyvarastore/products/1780856440919_adebwl.webp","https://pub-96ecbfcde03642529999eddf062d31f5.r2.dev/nyvarastore/products/1780856440919_adebwl.webp","copied","23.2"
"17","products/6e284166-2623-4300-a574-f49a99dde3b4 — ""DIOR – CD Chain Oval""","1780454822131_fzak9e.jpg","nyvarastore/products/1780454822131_fzak9e.jpg","https://pub-96ecbfcde03642529999eddf062d31f5.r2.dev/nyvarastore/products/1780454822131_fzak9e.jpg","copied","53.2"
"18","products/5e02f619-e0c4-41c0-be03-c90cbbe58aeb — ""Prada Square Half-Rim ""","1780856930484_kzo9uc.webp","nyvarastore/products/1780856930484_kzo9uc.webp","https://pub-96ecbfcde03642529999eddf062d31f5.r2.dev/nyvarastore/products/1780856930484_kzo9uc.webp","copied","20.8"
"19","products/51e2d4a1-3638-4394-8039-357d4896038b — ""CHANEL — Bijou""","1780456257612_vgmsfa.jpg","nyvarastore/products/1780456257612_vgmsfa.jpg","https://pub-96ecbfcde03642529999eddf062d31f5.r2.dev/nyvarastore/products/1780456257612_vgmsfa.jpg","copied","48.9"
"20","products/b61ccd4a-0aab-4e3d-a8fb-1c640fb27e1d — ""Le Palazzi ""","1780684981635_m3sntl.JPG","nyvarastore/products/1780684981635_m3sntl.JPG","https://pub-96ecbfcde03642529999eddf062d31f5.r2.dev/nyvarastore/products/1780684981635_m3sntl.JPG","copied","1800.2"
"21","products/743950a2-0dbd-46c1-94ca-0ccccac0e59c — ""MIU MIU — Glimpse""","1780692015087_0i9wnq.JPG","nyvarastore/products/1780692015087_0i9wnq.JPG","https://pub-96ecbfcde03642529999eddf062d31f5.r2.dev/nyvarastore/products/1780692015087_0i9wnq.JPG","copied","2123.6"
"22","products/d2085dce-8c34-49d1-a30c-88b60fd1f748 — ""CARTIER — Panthère""","1780455393956_5w1yei.jpg","nyvarastore/products/1780455393956_5w1yei.jpg","https://pub-96ecbfcde03642529999eddf062d31f5.r2.dev/nyvarastore/products/1780455393956_5w1yei.jpg","copied","50.2"
"23","products/37cf8bc8-4b70-40a3-984c-f7b02ebbdb24 — ""CARTIER — C Décor Rimless""","1780634060706_2k8brr.jpg","nyvarastore/products/1780634060706_2k8brr.jpg","https://pub-96ecbfcde03642529999eddf062d31f5.r2.dev/nyvarastore/products/1780634060706_2k8brr.jpg","copied","47.2"
"24","products/9fd06901-3740-4f17-84ec-82d4c4df9c68 — ""1.1 Millionaires Black""","1780634446099_34y88.jpg","nyvarastore/products/1780634446099_34y88.jpg","https://pub-96ecbfcde03642529999eddf062d31f5.r2.dev/nyvarastore/products/1780634446099_34y88.jpg","copied","44.6"
"25","products/4780ff7b-bd83-48df-810c-46e6cdc69dbe — ""Dealan Black""","1780690499328_54poma.JPG","nyvarastore/products/1780690499328_54poma.JPG","https://pub-96ecbfcde03642529999eddf062d31f5.r2.dev/nyvarastore/products/1780690499328_54poma.JPG","copied","2138.7"
"26","products/67475148-0b88-49c5-ae94-e0dcd5b8fc44 — ""Lunettes Sport Y2K Wraparound""","1778239425035_mhr3rj.jpg","nyvarastore/products/1778239425035_mhr3rj.jpg","https://pub-96ecbfcde03642529999eddf062d31f5.r2.dev/nyvarastore/products/1778239425035_mhr3rj.jpg","copied","36.8"
"27","products/3d916995-98da-4766-880a-84ae571b083f — ""lacoste sport ""","1780690146820_vgjmxl.JPG","nyvarastore/products/1780690146820_vgjmxl.JPG","https://pub-96ecbfcde03642529999eddf062d31f5.r2.dev/nyvarastore/products/1780690146820_vgjmxl.JPG","copied","2219.8"
"28","products/ead540cc-5a19-46de-ad4b-ec525f7b7631 — ""Lunettes de Sport - AÉRO""","1780635097890_imv5eb.jpg","nyvarastore/products/1780635097890_imv5eb.jpg","https://pub-96ecbfcde03642529999eddf062d31f5.r2.dev/nyvarastore/products/1780635097890_imv5eb.jpg","copied","612.9"
"29","products/cd90c397-6a02-4492-964f-10332d7351ed — ""Serpenti Aura ""","1780704326078_ih7mgo.webp","nyvarastore/products/1780704326078_ih7mgo.webp","https://pub-96ecbfcde03642529999eddf062d31f5.r2.dev/nyvarastore/products/1780704326078_ih7mgo.webp","copied","13.8"
"30","products/3d12194c-0964-4dab-9182-ba39c5bdb1d3 — ""Celine Triomphe Metal Oval ""","1780691620928_ayh8je.webp","nyvarastore/products/1780691620928_ayh8je.webp","https://pub-96ecbfcde03642529999eddf062d31f5.r2.dev/nyvarastore/products/1780691620928_ayh8je.webp","copied","24.2"
"31","products/b8df689b-5e7b-4f11-8a98-d045af24fd33 — ""Tom ford Aviateur Carrées""","1780689079663_ejtxoh.JPG","nyvarastore/products/1780689079663_ejtxoh.JPG","https://pub-96ecbfcde03642529999eddf062d31f5.r2.dev/nyvarastore/products/1780689079663_ejtxoh.JPG","copied","2122.4"
"32","products/6371b284-0f8c-4307-af38-4e385a1275f9 — ""Montre cartier bicouleur mini""","1780845650511_yxf3r.jpg","nyvarastore/products/1780845650511_yxf3r.jpg","https://pub-96ecbfcde03642529999eddf062d31f5.r2.dev/nyvarastore/products/1780845650511_yxf3r.jpg","copied","176.5"
"33","products/b2de64ab-91be-45b0-a511-2701528556f3 — ""Boss integrity black""","1780854256254_64mzmh.jpg","nyvarastore/products/1780854256254_64mzmh.jpg","https://pub-96ecbfcde03642529999eddf062d31f5.r2.dev/nyvarastore/products/1780854256254_64mzmh.jpg","copied","131.8"
"34","products/7e438a50-f614-4a94-9a28-a20f216bbd48 — ""Rayban Onyx Edge ""","1780855441901_zeog5.webp","nyvarastore/products/1780855441901_zeog5.webp","https://pub-96ecbfcde03642529999eddf062d31f5.r2.dev/nyvarastore/products/1780855441901_zeog5.webp","copied","15.8"
"35","gallery/product_id:67475148-0b88-49c5-ae94-e0dcd5b8fc44","1778239711974_ksy7ui.jpg","nyvarastore/products/1778239711974_ksy7ui.jpg","https://pub-96ecbfcde03642529999eddf062d31f5.r2.dev/nyvarastore/products/1778239711974_ksy7ui.jpg","copied","33.0"
"36","gallery/product_id:67475148-0b88-49c5-ae94-e0dcd5b8fc44","1778240374339_0lyx06.png","nyvarastore/products/1778240374339_0lyx06.png","https://pub-96ecbfcde03642529999eddf062d31f5.r2.dev/nyvarastore/products/1778240374339_0lyx06.png","copied","2125.8"
"37","gallery/product_id:755f91f2-c272-49d8-9908-ab99eee7e32d","1780453729912_3mhoy2.webp","nyvarastore/products/1780453729912_3mhoy2.webp","https://pub-96ecbfcde03642529999eddf062d31f5.r2.dev/nyvarastore/products/1780453729912_3mhoy2.webp","copied","17.4"
"38","colors/4fd82a75-40cc-4b2f-b1a4-53adffdddd5d/ img1","1780688717879_h3322o.JPG","nyvarastore/products/1780688717879_h3322o.JPG","https://pub-96ecbfcde03642529999eddf062d31f5.r2.dev/nyvarastore/products/1780688717879_h3322o.JPG","copied","2284.8"
"39","colors/4fd82a75-40cc-4b2f-b1a4-53adffdddd5d/ img2","1780688725921_1gqycb.JPG","nyvarastore/products/1780688725921_1gqycb.JPG","https://pub-96ecbfcde03642529999eddf062d31f5.r2.dev/nyvarastore/products/1780688725921_1gqycb.JPG","copied","2273.0"
"40","colors/d1c4ce54-ed0d-4054-a3b2-bb7fdef6590b/ img2","1780855111099_osqa9s.webp","nyvarastore/products/1780855111099_osqa9s.webp","https://pub-96ecbfcde03642529999eddf062d31f5.r2.dev/nyvarastore/products/1780855111099_osqa9s.webp","copied","9.0"
"41","colors/d1c4ce54-ed0d-4054-a3b2-bb7fdef6590b/ img2","1780855155144_wdkd5n.webp","nyvarastore/products/1780855155144_wdkd5n.webp","https://pub-96ecbfcde03642529999eddf062d31f5.r2.dev/nyvarastore/products/1780855155144_wdkd5n.webp","copied","9.4"
"42","colors/d1c4ce54-ed0d-4054-a3b2-bb7fdef6590b/ img2","1780855203000_15wnk.webp","nyvarastore/products/1780855203000_15wnk.webp","https://pub-96ecbfcde03642529999eddf062d31f5.r2.dev/nyvarastore/products/1780855203000_15wnk.webp","copied","9.0"
"43","colors/8fe05088-311b-47dd-b1ff-3a8b845af51e/ img2","1780455753372_t8jez.jpg","nyvarastore/products/1780455753372_t8jez.jpg","https://pub-96ecbfcde03642529999eddf062d31f5.r2.dev/nyvarastore/products/1780455753372_t8jez.jpg","copied","46.5"
"44","colors/8fe05088-311b-47dd-b1ff-3a8b845af51e/Noir img1","1780455869727_af3ulb.jpg","nyvarastore/products/1780455869727_af3ulb.jpg","https://pub-96ecbfcde03642529999eddf062d31f5.r2.dev/nyvarastore/products/1780455869727_af3ulb.jpg","copied","44.4"
"45","colors/8fe05088-311b-47dd-b1ff-3a8b845af51e/Noir img2","1780455872378_4sp3mc.jpg","nyvarastore/products/1780455872378_4sp3mc.jpg","https://pub-96ecbfcde03642529999eddf062d31f5.r2.dev/nyvarastore/products/1780455872378_4sp3mc.jpg","copied","46.7"
"46","colors/8fe05088-311b-47dd-b1ff-3a8b845af51e/Gold img1","1780455854276_22ygsg.jpg","nyvarastore/products/1780455854276_22ygsg.jpg","https://pub-96ecbfcde03642529999eddf062d31f5.r2.dev/nyvarastore/products/1780455854276_22ygsg.jpg","copied","45.0"
"47","colors/8fe05088-311b-47dd-b1ff-3a8b845af51e/Gold img2","1780455861956_m0o03o.jpg","nyvarastore/products/1780455861956_m0o03o.jpg","https://pub-96ecbfcde03642529999eddf062d31f5.r2.dev/nyvarastore/products/1780455861956_m0o03o.jpg","copied","42.9"
"48","colors/8fe05088-311b-47dd-b1ff-3a8b845af51e/Blue img1","1780455894594_uaexl.jpg","nyvarastore/products/1780455894594_uaexl.jpg","https://pub-96ecbfcde03642529999eddf062d31f5.r2.dev/nyvarastore/products/1780455894594_uaexl.jpg","copied","49.7"
"49","colors/8fe05088-311b-47dd-b1ff-3a8b845af51e/Blue img2","1780455897405_0pq6af.jpg","nyvarastore/products/1780455897405_0pq6af.jpg","https://pub-96ecbfcde03642529999eddf062d31f5.r2.dev/nyvarastore/products/1780455897405_0pq6af.jpg","copied","48.7"
"50","colors/fdd00831-d437-4fef-8b04-951a5667fbfa/Black img2","1780455996079_asl3m.jpg","nyvarastore/products/1780455996079_asl3m.jpg","https://pub-96ecbfcde03642529999eddf062d31f5.r2.dev/nyvarastore/products/1780455996079_asl3m.jpg","copied","42.2"
"51","colors/fdd00831-d437-4fef-8b04-951a5667fbfa/Silver img1","1780456004439_5fh4t.jpg","nyvarastore/products/1780456004439_5fh4t.jpg","https://pub-96ecbfcde03642529999eddf062d31f5.r2.dev/nyvarastore/products/1780456004439_5fh4t.jpg","copied","41.7"
"52","colors/fdd00831-d437-4fef-8b04-951a5667fbfa/Silver img2","1780456008245_pluwbp.jpg","nyvarastore/products/1780456008245_pluwbp.jpg","https://pub-96ecbfcde03642529999eddf062d31f5.r2.dev/nyvarastore/products/1780456008245_pluwbp.jpg","copied","45.5"
"53","colors/fdd00831-d437-4fef-8b04-951a5667fbfa/Gold img1","1780456010359_tuhhd.jpg","nyvarastore/products/1780456010359_tuhhd.jpg","https://pub-96ecbfcde03642529999eddf062d31f5.r2.dev/nyvarastore/products/1780456010359_tuhhd.jpg","copied","43.3"
"54","colors/fdd00831-d437-4fef-8b04-951a5667fbfa/Gold img2","1780456012667_mqwpgn.jpg","nyvarastore/products/1780456012667_mqwpgn.jpg","https://pub-96ecbfcde03642529999eddf062d31f5.r2.dev/nyvarastore/products/1780456012667_mqwpgn.jpg","copied","45.3"
"55","colors/215f6fed-5d22-4e60-bf4b-07716481279c/ img1","1780023527179_vcz29.jpeg","nyvarastore/products/1780023527179_vcz29.jpeg","https://pub-96ecbfcde03642529999eddf062d31f5.r2.dev/nyvarastore/products/1780023527179_vcz29.jpeg","copied","2041.9"
"56","colors/215f6fed-5d22-4e60-bf4b-07716481279c/ img2","1780023587317_sgd03k.jpeg","nyvarastore/products/1780023587317_sgd03k.jpeg","https://pub-96ecbfcde03642529999eddf062d31f5.r2.dev/nyvarastore/products/1780023587317_sgd03k.jpeg","copied","2058.9"
"57","colors/33318058-8c10-4df0-ac90-fdeaa5071a5a/ img1","1780855857586_3j410h.webp","nyvarastore/products/1780855857586_3j410h.webp","https://pub-96ecbfcde03642529999eddf062d31f5.r2.dev/nyvarastore/products/1780855857586_3j410h.webp","copied","16.7"
"58","colors/33318058-8c10-4df0-ac90-fdeaa5071a5a/ img2","1780855874319_8akvh.webp","nyvarastore/products/1780855874319_8akvh.webp","https://pub-96ecbfcde03642529999eddf062d31f5.r2.dev/nyvarastore/products/1780855874319_8akvh.webp","copied","15.8"
"59","colors/33318058-8c10-4df0-ac90-fdeaa5071a5a/ img1","1780855907126_9yfp6o.webp","nyvarastore/products/1780855907126_9yfp6o.webp","https://pub-96ecbfcde03642529999eddf062d31f5.r2.dev/nyvarastore/products/1780855907126_9yfp6o.webp","copied","16.9"
"60","colors/33318058-8c10-4df0-ac90-fdeaa5071a5a/ img2","1780855918480_nl4qpj.webp","nyvarastore/products/1780855918480_nl4qpj.webp","https://pub-96ecbfcde03642529999eddf062d31f5.r2.dev/nyvarastore/products/1780855918480_nl4qpj.webp","copied","19.4"
"61","colors/2c047f77-53b4-4cdd-82ce-1649c091f834/Noir img2","1780454255405_y4ol5p.jpg","nyvarastore/products/1780454255405_y4ol5p.jpg","https://pub-96ecbfcde03642529999eddf062d31f5.r2.dev/nyvarastore/products/1780454255405_y4ol5p.jpg","copied","47.7"
"62","colors/2c047f77-53b4-4cdd-82ce-1649c091f834/Noir et gold  img1","1780454294584_1rcmw9.jpg","nyvarastore/products/1780454294584_1rcmw9.jpg","https://pub-96ecbfcde03642529999eddf062d31f5.r2.dev/nyvarastore/products/1780454294584_1rcmw9.jpg","copied","53.2"
"63","colors/2c047f77-53b4-4cdd-82ce-1649c091f834/Noir et gold  img2","1780454301218_1yxclk.jpg","nyvarastore/products/1780454301218_1yxclk.jpg","https://pub-96ecbfcde03642529999eddf062d31f5.r2.dev/nyvarastore/products/1780454301218_1yxclk.jpg","copied","81.8"
"64","colors/2c047f77-53b4-4cdd-82ce-1649c091f834/Écaille Foncée & Or Poli img1","1780454324355_j7vymyl.jpg","nyvarastore/products/1780454324355_j7vymyl.jpg","https://pub-96ecbfcde03642529999eddf062d31f5.r2.dev/nyvarastore/products/1780454324355_j7vymyl.jpg","copied","48.2"
"65","colors/2c047f77-53b4-4cdd-82ce-1649c091f834/Écaille Foncée & Or Poli img2","1780454328980_kpbahr.jpg","nyvarastore/products/1780454328980_kpbahr.jpg","https://pub-96ecbfcde03642529999eddf062d31f5.r2.dev/nyvarastore/products/1780454328980_kpbahr.jpg","copied","106.5"
"66","colors/2c047f77-53b4-4cdd-82ce-1649c091f834/Gris img1","1780454490862_s93ktf.jpg","nyvarastore/products/1780454490862_s93ktf.jpg","https://pub-96ecbfcde03642529999eddf062d31f5.r2.dev/nyvarastore/products/1780454490862_s93ktf.jpg","copied","73.4"
"67","colors/2c047f77-53b4-4cdd-82ce-1649c091f834/Gris img2","1780454494074_hcrahf.jpg","nyvarastore/products/1780454494074_hcrahf.jpg","https://pub-96ecbfcde03642529999eddf062d31f5.r2.dev/nyvarastore/products/1780454494074_hcrahf.jpg","copied","108.6"
"68","colors/90968909-f06e-4bac-b725-a70ae494fbd3/Gris img1","1780692378561_joc9id.JPG","nyvarastore/products/1780692378561_joc9id.JPG","https://pub-96ecbfcde03642529999eddf062d31f5.r2.dev/nyvarastore/products/1780692378561_joc9id.JPG","copied","1871.7"
"69","colors/90968909-f06e-4bac-b725-a70ae494fbd3/Vert img1","1780692467315_t6yvw.JPG","nyvarastore/products/1780692467315_t6yvw.JPG","https://pub-96ecbfcde03642529999eddf062d31f5.r2.dev/nyvarastore/products/1780692467315_t6yvw.JPG","copied","1820.7"
"70","colors/e9375f8d-333d-42cf-8512-3afa0ef41dd4/ img1","1780684277713_92z2cw.JPG","nyvarastore/products/1780684277713_92z2cw.JPG","https://pub-96ecbfcde03642529999eddf062d31f5.r2.dev/nyvarastore/products/1780684277713_92z2cw.JPG","copied","1977.9"
"71","colors/e9375f8d-333d-42cf-8512-3afa0ef41dd4/ img2","1780684285171_gssm3h.JPG","nyvarastore/products/1780684285171_gssm3h.JPG","https://pub-96ecbfcde03642529999eddf062d31f5.r2.dev/nyvarastore/products/1780684285171_gssm3h.JPG","copied","2001.5"
"72","colors/e9375f8d-333d-42cf-8512-3afa0ef41dd4/ img1","1780684715194_kksh8g.JPG","nyvarastore/products/1780684715194_kksh8g.JPG","https://pub-96ecbfcde03642529999eddf062d31f5.r2.dev/nyvarastore/products/1780684715194_kksh8g.JPG","copied","2083.8"
"73","colors/e9375f8d-333d-42cf-8512-3afa0ef41dd4/ img2","1780684720217_3vv62.JPG","nyvarastore/products/1780684720217_3vv62.JPG","https://pub-96ecbfcde03642529999eddf062d31f5.r2.dev/nyvarastore/products/1780684720217_3vv62.JPG","copied","1650.5"
"74","colors/e9375f8d-333d-42cf-8512-3afa0ef41dd4/ img1","1780684793563_y0vfl85.JPG","nyvarastore/products/1780684793563_y0vfl85.JPG","https://pub-96ecbfcde03642529999eddf062d31f5.r2.dev/nyvarastore/products/1780684793563_y0vfl85.JPG","copied","1991.5"
"75","colors/e9375f8d-333d-42cf-8512-3afa0ef41dd4/ img2","1780684799065_3vcjf.JPG","nyvarastore/products/1780684799065_3vcjf.JPG","https://pub-96ecbfcde03642529999eddf062d31f5.r2.dev/nyvarastore/products/1780684799065_3vcjf.JPG","copied","2051.7"
"76","colors/f962641f-d6f6-4ecb-8b42-98d23734c271/ img2","1780856464674_41usod.webp","nyvarastore/products/1780856464674_41usod.webp","https://pub-96ecbfcde03642529999eddf062d31f5.r2.dev/nyvarastore/products/1780856464674_41usod.webp","copied","23.2"
"77","colors/f962641f-d6f6-4ecb-8b42-98d23734c271/ img2","1780856489158_24m04c.webp","nyvarastore/products/1780856489158_24m04c.webp","https://pub-96ecbfcde03642529999eddf062d31f5.r2.dev/nyvarastore/products/1780856489158_24m04c.webp","copied","21.5"
"78","colors/f962641f-d6f6-4ecb-8b42-98d23734c271/ img2","1780856508924_utpjxd.webp","nyvarastore/products/1780856508924_utpjxd.webp","https://pub-96ecbfcde03642529999eddf062d31f5.r2.dev/nyvarastore/products/1780856508924_utpjxd.webp","copied","30.1"
"79","colors/6e284166-2623-4300-a574-f49a99dde3b4/Argent img2","1780454834599_ryz7gw.jpg","nyvarastore/products/1780454834599_ryz7gw.jpg","https://pub-96ecbfcde03642529999eddf062d31f5.r2.dev/nyvarastore/products/1780454834599_ryz7gw.jpg","copied","51.4"
"80","colors/6e284166-2623-4300-a574-f49a99dde3b4/Gold img1","1780454876996_u0ogeq.jpg","nyvarastore/products/1780454876996_u0ogeq.jpg","https://pub-96ecbfcde03642529999eddf062d31f5.r2.dev/nyvarastore/products/1780454876996_u0ogeq.jpg","copied","59.0"
"81","colors/6e284166-2623-4300-a574-f49a99dde3b4/Gold img2","1780454878990_hfg3d6.jpg","nyvarastore/products/1780454878990_hfg3d6.jpg","https://pub-96ecbfcde03642529999eddf062d31f5.r2.dev/nyvarastore/products/1780454878990_hfg3d6.jpg","copied","56.1"
"82","colors/5e02f619-e0c4-41c0-be03-c90cbbe58aeb/ img2","1780856969187_rauani.webp","nyvarastore/products/1780856969187_rauani.webp","https://pub-96ecbfcde03642529999eddf062d31f5.r2.dev/nyvarastore/products/1780856969187_rauani.webp","copied","20.8"
"83","colors/5e02f619-e0c4-41c0-be03-c90cbbe58aeb/ img2","1780856991596_pdg6w.webp","nyvarastore/products/1780856991596_pdg6w.webp","https://pub-96ecbfcde03642529999eddf062d31f5.r2.dev/nyvarastore/products/1780856991596_pdg6w.webp","copied","20.0"
"84","colors/51e2d4a1-3638-4394-8039-357d4896038b/Rouge img2","1780456265061_6s5sg.jpg","nyvarastore/products/1780456265061_6s5sg.jpg","https://pub-96ecbfcde03642529999eddf062d31f5.r2.dev/nyvarastore/products/1780456265061_6s5sg.jpg","copied","45.4"
"85","colors/51e2d4a1-3638-4394-8039-357d4896038b/ img1","1780456288132_pes7zb.jpg","nyvarastore/products/1780456288132_pes7zb.jpg","https://pub-96ecbfcde03642529999eddf062d31f5.r2.dev/nyvarastore/products/1780456288132_pes7zb.jpg","copied","49.2"
"86","colors/51e2d4a1-3638-4394-8039-357d4896038b/ img2","1780456290309_d8tro.jpg","nyvarastore/products/1780456290309_d8tro.jpg","https://pub-96ecbfcde03642529999eddf062d31f5.r2.dev/nyvarastore/products/1780456290309_d8tro.jpg","copied","44.8"
"87","colors/b61ccd4a-0aab-4e3d-a8fb-1c640fb27e1d/ img1","1780685285430_2wfs1.JPG","nyvarastore/products/1780685285430_2wfs1.JPG","https://pub-96ecbfcde03642529999eddf062d31f5.r2.dev/nyvarastore/products/1780685285430_2wfs1.JPG","copied","1800.2"
"88","colors/b61ccd4a-0aab-4e3d-a8fb-1c640fb27e1d/ img2","1780685303603_d9tt1w.JPG","nyvarastore/products/1780685303603_d9tt1w.JPG","https://pub-96ecbfcde03642529999eddf062d31f5.r2.dev/nyvarastore/products/1780685303603_d9tt1w.JPG","copied","1993.2"
"89","colors/b61ccd4a-0aab-4e3d-a8fb-1c640fb27e1d/ img1","1780685321409_4ta4.JPG","nyvarastore/products/1780685321409_4ta4.JPG","https://pub-96ecbfcde03642529999eddf062d31f5.r2.dev/nyvarastore/products/1780685321409_4ta4.JPG","copied","1494.0"
"90","colors/b61ccd4a-0aab-4e3d-a8fb-1c640fb27e1d/ img2","1780685329230_a3xy97.JPG","nyvarastore/products/1780685329230_a3xy97.JPG","https://pub-96ecbfcde03642529999eddf062d31f5.r2.dev/nyvarastore/products/1780685329230_a3xy97.JPG","copied","1881.0"
"91","colors/743950a2-0dbd-46c1-94ca-0ccccac0e59c/noir img1","1780692097284_xh2szm.JPG","nyvarastore/products/1780692097284_xh2szm.JPG","https://pub-96ecbfcde03642529999eddf062d31f5.r2.dev/nyvarastore/products/1780692097284_xh2szm.JPG","copied","2098.4"
"92","colors/743950a2-0dbd-46c1-94ca-0ccccac0e59c/rouge img1","1780692265251_vt2ni9.JPG","nyvarastore/products/1780692265251_vt2ni9.JPG","https://pub-96ecbfcde03642529999eddf062d31f5.r2.dev/nyvarastore/products/1780692265251_vt2ni9.JPG","copied","1913.3"
"93","colors/d2085dce-8c34-49d1-a30c-88b60fd1f748/Noir / Gold img2","1780455403193_orsjrm.jpg","nyvarastore/products/1780455403193_orsjrm.jpg","https://pub-96ecbfcde03642529999eddf062d31f5.r2.dev/nyvarastore/products/1780455403193_orsjrm.jpg","copied","57.2"
"94","colors/d2085dce-8c34-49d1-a30c-88b60fd1f748/vert  img1","1780455409879_x3x9tc.jpg","nyvarastore/products/1780455409879_x3x9tc.jpg","https://pub-96ecbfcde03642529999eddf062d31f5.r2.dev/nyvarastore/products/1780455409879_x3x9tc.jpg","copied","50.4"
"95","colors/d2085dce-8c34-49d1-a30c-88b60fd1f748/vert  img2","1780455411721_9wbeof.jpg","nyvarastore/products/1780455411721_9wbeof.jpg","https://pub-96ecbfcde03642529999eddf062d31f5.r2.dev/nyvarastore/products/1780455411721_9wbeof.jpg","copied","92.4"
"96","colors/37cf8bc8-4b70-40a3-984c-f7b02ebbdb24/gris img2","1780634072831_7fsquj.jpg","nyvarastore/products/1780634072831_7fsquj.jpg","https://pub-96ecbfcde03642529999eddf062d31f5.r2.dev/nyvarastore/products/1780634072831_7fsquj.jpg","copied","43.7"
"97","colors/37cf8bc8-4b70-40a3-984c-f7b02ebbdb24/rouge img1","1780634106769_awuv3p.jpg","nyvarastore/products/1780634106769_awuv3p.jpg","https://pub-96ecbfcde03642529999eddf062d31f5.r2.dev/nyvarastore/products/1780634106769_awuv3p.jpg","copied","183.8"
"98","colors/37cf8bc8-4b70-40a3-984c-f7b02ebbdb24/rouge img2","1780634111257_euq9.jpg","nyvarastore/products/1780634111257_euq9.jpg","https://pub-96ecbfcde03642529999eddf062d31f5.r2.dev/nyvarastore/products/1780634111257_euq9.jpg","copied","49.5"
"99","colors/37cf8bc8-4b70-40a3-984c-f7b02ebbdb24/Noir img1","1780634171831_d36wz2.jpg","nyvarastore/products/1780634171831_d36wz2.jpg","https://pub-96ecbfcde03642529999eddf062d31f5.r2.dev/nyvarastore/products/1780634171831_d36wz2.jpg","copied","176.7"
"100","colors/37cf8bc8-4b70-40a3-984c-f7b02ebbdb24/Noir img2","1780634174132_41c84k.jpg","nyvarastore/products/1780634174132_41c84k.jpg","https://pub-96ecbfcde03642529999eddf062d31f5.r2.dev/nyvarastore/products/1780634174132_41c84k.jpg","copied","42.4"
"101","colors/37cf8bc8-4b70-40a3-984c-f7b02ebbdb24/transparent img1","1780634203278_3hb2c6.jpg","nyvarastore/products/1780634203278_3hb2c6.jpg","https://pub-96ecbfcde03642529999eddf062d31f5.r2.dev/nyvarastore/products/1780634203278_3hb2c6.jpg","copied","49.6"
"102","colors/37cf8bc8-4b70-40a3-984c-f7b02ebbdb24/transparent img2","1780634205530_zxx4v.jpg","nyvarastore/products/1780634205530_zxx4v.jpg","https://pub-96ecbfcde03642529999eddf062d31f5.r2.dev/nyvarastore/products/1780634205530_zxx4v.jpg","copied","45.3"
"103","colors/9fd06901-3740-4f17-84ec-82d4c4df9c68/Noir et gold img2","1780634470539_sndms.jpg","nyvarastore/products/1780634470539_sndms.jpg","https://pub-96ecbfcde03642529999eddf062d31f5.r2.dev/nyvarastore/products/1780634470539_sndms.jpg","copied","44.6"
"104","colors/9fd06901-3740-4f17-84ec-82d4c4df9c68/Noir img1","1780634489236_sz97op.jpg","nyvarastore/products/1780634489236_sz97op.jpg","https://pub-96ecbfcde03642529999eddf062d31f5.r2.dev/nyvarastore/products/1780634489236_sz97op.jpg","copied","42.1"
"105","colors/9fd06901-3740-4f17-84ec-82d4c4df9c68/Noir img2","1780634492273_2ad5ab.jpg","nyvarastore/products/1780634492273_2ad5ab.jpg","https://pub-96ecbfcde03642529999eddf062d31f5.r2.dev/nyvarastore/products/1780634492273_2ad5ab.jpg","copied","45.7"
"106","colors/4780ff7b-bd83-48df-810c-46e6cdc69dbe/Noir img1","1780690539282_vo7ohb.JPG","nyvarastore/products/1780690539282_vo7ohb.JPG","https://pub-96ecbfcde03642529999eddf062d31f5.r2.dev/nyvarastore/products/1780690539282_vo7ohb.JPG","copied","1901.1"
"107","colors/4780ff7b-bd83-48df-810c-46e6cdc69dbe/silver img1","1780690636087_nj8dte.JPG","nyvarastore/products/1780690636087_nj8dte.JPG","https://pub-96ecbfcde03642529999eddf062d31f5.r2.dev/nyvarastore/products/1780690636087_nj8dte.JPG","copied","2161.5"
"108","colors/4780ff7b-bd83-48df-810c-46e6cdc69dbe/silver img2","1780690654308_7w9cjh.JPG","nyvarastore/products/1780690654308_7w9cjh.JPG","https://pub-96ecbfcde03642529999eddf062d31f5.r2.dev/nyvarastore/products/1780690654308_7w9cjh.JPG","copied","2401.2"
"109","colors/4780ff7b-bd83-48df-810c-46e6cdc69dbe/orange img1","1780690752554_y548jf.JPG","nyvarastore/products/1780690752554_y548jf.JPG","https://pub-96ecbfcde03642529999eddf062d31f5.r2.dev/nyvarastore/products/1780690752554_y548jf.JPG","copied","2247.7"
"110","colors/4780ff7b-bd83-48df-810c-46e6cdc69dbe/orange img2","1780690757690_6m849p.JPG","nyvarastore/products/1780690757690_6m849p.JPG","https://pub-96ecbfcde03642529999eddf062d31f5.r2.dev/nyvarastore/products/1780690757690_6m849p.JPG","copied","2263.5"
"111","colors/67475148-0b88-49c5-ae94-e0dcd5b8fc44/Gris  img1","1778515771579_eewpsr.jpg","nyvarastore/products/1778515771579_eewpsr.jpg","https://pub-96ecbfcde03642529999eddf062d31f5.r2.dev/nyvarastore/products/1778515771579_eewpsr.jpg","copied","42.3"
"112","colors/67475148-0b88-49c5-ae94-e0dcd5b8fc44/Gris  img2","1778517016569_3hly7.jpg","nyvarastore/products/1778517016569_3hly7.jpg","https://pub-96ecbfcde03642529999eddf062d31f5.r2.dev/nyvarastore/products/1778517016569_3hly7.jpg","copied","34.7"
"113","colors/67475148-0b88-49c5-ae94-e0dcd5b8fc44/dark  img1","1778515792509_pdmh9c.jpg","nyvarastore/products/1778515792509_pdmh9c.jpg","https://pub-96ecbfcde03642529999eddf062d31f5.r2.dev/nyvarastore/products/1778515792509_pdmh9c.jpg","copied","31.8"
"114","colors/67475148-0b88-49c5-ae94-e0dcd5b8fc44/dark  img2","1778517022901_x6ks2s.jpg","nyvarastore/products/1778517022901_x6ks2s.jpg","https://pub-96ecbfcde03642529999eddf062d31f5.r2.dev/nyvarastore/products/1778517022901_x6ks2s.jpg","copied","30.9"
"115","colors/3d916995-98da-4766-880a-84ae571b083f/ img1","1780690311720_jzni3.JPG","nyvarastore/products/1780690311720_jzni3.JPG","https://pub-96ecbfcde03642529999eddf062d31f5.r2.dev/nyvarastore/products/1780690311720_jzni3.JPG","copied","2169.6"
"116","colors/ead540cc-5a19-46de-ad4b-ec525f7b7631/rouge img1","1780634823311_pkpona.jpg","nyvarastore/products/1780634823311_pkpona.jpg","https://pub-96ecbfcde03642529999eddf062d31f5.r2.dev/nyvarastore/products/1780634823311_pkpona.jpg","copied","47.7"
"117","colors/ead540cc-5a19-46de-ad4b-ec525f7b7631/blue img1","1780634827990_opc85k.jpg","nyvarastore/products/1780634827990_opc85k.jpg","https://pub-96ecbfcde03642529999eddf062d31f5.r2.dev/nyvarastore/products/1780634827990_opc85k.jpg","copied","51.4"
"118","colors/ead540cc-5a19-46de-ad4b-ec525f7b7631/ img1","1780688975076_12gfzq.JPG","nyvarastore/products/1780688975076_12gfzq.JPG","https://pub-96ecbfcde03642529999eddf062d31f5.r2.dev/nyvarastore/products/1780688975076_12gfzq.JPG","copied","1903.8"
"119","colors/cd90c397-6a02-4492-964f-10332d7351ed/ img1","1780691262756_h3bsf.webp","nyvarastore/products/1780691262756_h3bsf.webp","https://pub-96ecbfcde03642529999eddf062d31f5.r2.dev/nyvarastore/products/1780691262756_h3bsf.webp","copied","16.8"
"120","colors/cd90c397-6a02-4492-964f-10332d7351ed/ img1","1780691366101_kac1ul.webp","nyvarastore/products/1780691366101_kac1ul.webp","https://pub-96ecbfcde03642529999eddf062d31f5.r2.dev/nyvarastore/products/1780691366101_kac1ul.webp","copied","18.3"
"121","colors/3d12194c-0964-4dab-9182-ba39c5bdb1d3/ img1","1780691762785_n03ctg.webp","nyvarastore/products/1780691762785_n03ctg.webp","https://pub-96ecbfcde03642529999eddf062d31f5.r2.dev/nyvarastore/products/1780691762785_n03ctg.webp","copied","19.0"
"122","colors/3d12194c-0964-4dab-9182-ba39c5bdb1d3/ img1","1780691812952_iqshqj.webp","nyvarastore/products/1780691812952_iqshqj.webp","https://pub-96ecbfcde03642529999eddf062d31f5.r2.dev/nyvarastore/products/1780691812952_iqshqj.webp","copied","23.1"
"123","colors/3d12194c-0964-4dab-9182-ba39c5bdb1d3/ img1","1780691887438_rufrqx.webp","nyvarastore/products/1780691887438_rufrqx.webp","https://pub-96ecbfcde03642529999eddf062d31f5.r2.dev/nyvarastore/products/1780691887438_rufrqx.webp","copied","24.2"
"124","colors/b8df689b-5e7b-4f11-8a98-d045af24fd33/ img1","1780689139806_tkhpfg.JPG","nyvarastore/products/1780689139806_tkhpfg.JPG","https://pub-96ecbfcde03642529999eddf062d31f5.r2.dev/nyvarastore/products/1780689139806_tkhpfg.JPG","copied","1853.3"
"125","colors/b8df689b-5e7b-4f11-8a98-d045af24fd33/ img1","1780689792421_sxixm8.JPG","nyvarastore/products/1780689792421_sxixm8.JPG","https://pub-96ecbfcde03642529999eddf062d31f5.r2.dev/nyvarastore/products/1780689792421_sxixm8.JPG","copied","2075.5"
"126","colors/b8df689b-5e7b-4f11-8a98-d045af24fd33/ img2","1780689829297_q5sc8v.JPG","nyvarastore/products/1780689829297_q5sc8v.JPG","https://pub-96ecbfcde03642529999eddf062d31f5.r2.dev/nyvarastore/products/1780689829297_q5sc8v.JPG","copied","2055.6"
"127","colors/b8df689b-5e7b-4f11-8a98-d045af24fd33/ img1","1780689888665_sbvhln.JPG","nyvarastore/products/1780689888665_sbvhln.JPG","https://pub-96ecbfcde03642529999eddf062d31f5.r2.dev/nyvarastore/products/1780689888665_sbvhln.JPG","copied","1778.2"
"128","colors/b8df689b-5e7b-4f11-8a98-d045af24fd33/ img2","1780689917238_8p1bz.JPG","nyvarastore/products/1780689917238_8p1bz.JPG","https://pub-96ecbfcde03642529999eddf062d31f5.r2.dev/nyvarastore/products/1780689917238_8p1bz.JPG","copied","1579.7"
"129","colors/b8df689b-5e7b-4f11-8a98-d045af24fd33/ img1","1780689983001_iqny6w.JPG","nyvarastore/products/1780689983001_iqny6w.JPG","https://pub-96ecbfcde03642529999eddf062d31f5.r2.dev/nyvarastore/products/1780689983001_iqny6w.JPG","copied","1525.8"
"130","colors/b8df689b-5e7b-4f11-8a98-d045af24fd33/ img2","1780689996706_0ju9co.JPG","nyvarastore/products/1780689996706_0ju9co.JPG","https://pub-96ecbfcde03642529999eddf062d31f5.r2.dev/nyvarastore/products/1780689996706_0ju9co.JPG","copied","1867.4"
"131","colors/6371b284-0f8c-4307-af38-4e385a1275f9/ img1","1780848485222_6ckrx.webp","nyvarastore/products/1780848485222_6ckrx.webp","https://pub-96ecbfcde03642529999eddf062d31f5.r2.dev/nyvarastore/products/1780848485222_6ckrx.webp","copied","37.6"
"132","colors/6371b284-0f8c-4307-af38-4e385a1275f9/ img2","1780848424214_yvffda.jpg","nyvarastore/products/1780848424214_yvffda.jpg","https://pub-96ecbfcde03642529999eddf062d31f5.r2.dev/nyvarastore/products/1780848424214_yvffda.jpg","copied","130.6"
"133","colors/b2de64ab-91be-45b0-a511-2701528556f3/ img2","1780854307101_xjwda.webp","nyvarastore/products/1780854307101_xjwda.webp","https://pub-96ecbfcde03642529999eddf062d31f5.r2.dev/nyvarastore/products/1780854307101_xjwda.webp","copied","31.8"
"134","colors/7e438a50-f614-4a94-9a28-a20f216bbd48/ img2","1780855457621_08x0o.webp","nyvarastore/products/1780855457621_08x0o.webp","https://pub-96ecbfcde03642529999eddf062d31f5.r2.dev/nyvarastore/products/1780855457621_08x0o.webp","copied","16.6"